measure,notes,id,acronym,full_name,domain,table_name,construct,concatenated,visits,type,child_specific,respondent_category,respondent,administration,admin_notes,remote,duration,qc,hbcd_mods,scoring,alert1_title,alert1,alert2_title,alert2,alert3_title,alert3,warning1_title,warning1,warning2_title,warning2,warning3_title,warning3,warning4_title,warning4,warning5_title,warning5,Column 29
2-item Food Insecurity,,foodins,USDA short form,2-item Food Insecurity,Social & Environmental Determinants,sed_cg_foodins,Food Insecurity,,"V02, V03",Parent Survey,No,Parent on Self,Birth Parent or Primary Caregiver,,,remote,1 min,"Monitor data dashboard for variable missingness, possible coding errors, scoring verification when needed, and data consistency.","This measure was modified slightly for HBCD to use gender-neutral terms (children are referred to as “the child” in place of gendered pronouns) as well as inclusion of ""Don't know"" as a response option to survey questions",,,,,,,,,Researchers should be aware that the validated measure uses Yes/No answers and does not account for missing data.,,,,,,,,,
Adverse Childhood Experiences,aces & ped aces,aces,ACEs,Adverse Childhood Experiences (Adult),Social & Environmental Determinants,sed_cg_ace,Adverse Childhood Experiences (Caregiver),,V04,Parent Survey,No,Parent on Self,Birth Parent or Primary Caregiver,,,in-person,2 min,"QC is minimal as participants only report the total number of ACE events. Declines in ACE scores at later visits should be interpreted cautiously, as they may reflect inconsistent or inaccurate responding.",,,,"This variable was only collected as a total ACE count, which means the specific items participants experienced are unknown. Total ACE counts are strongly associated with a variety of health-related outcomes, and we used this data collection strategy to encourage more accurate reporting. Total ACE counts should not be considered indexes of childhood neglect and maltreatment because not all ACE items reflect this. It would be inappropriate to conclude that higher total ACE counts in specific populations reflect increased child abuse, for example.",,,,,,,,,,,,,,,
"Alcohol, Smoking and Substance Involvement Screening Test V1-V4",MANUAL,assist,ASSIST V1-V4,"Alcohol, Smoking and Substance Involvement Screening Test V1-V4","Pregnancy & Exposure, Including Substance Use",pex_bm_assist{v1|v2|v3|v4},ASSIST substance use assessment across visits: V1 : Pre-pregnancy and during pregnancy V2 : Late pregnancy and early postnatal (0–4 weeks) V3 : Postpartum (3-month anchor) V4 : Postpartum (12-month anchor),,V01 - V04,Parent Interview,No,Parent on Self,Pregnant Participant or Birth Parent (as applicable),,Self-administered in Alabama,in-person,3-5 min,"Response distributions are reviewed for outliers. For V1-V2, responses are cross-checked with TLFB for consistency in reported substance use.",,"For each substance, participants indicate whether they had ever used it and, if endorsed, frequency of use with options: 0 (Never), 1 (Once or Twice), 2 (Monthly), 3 (Weekly), or 4 (Daily or Almost Daily). For substances reported as used pre-pregnancy, during pregnancy, and end-pregnancy, participants were asked about modes of use and typical quantities/amounts of consumption for alcohol and opioids (if applicable).",V1 & V2,"Responsible use of prenatal drug exposure data requires thoughtful interpretation of exposure-related outcomes in the context of measured and unmeasured confounders. These confounders include, but are not limited to, phenotypic risks associated with persistent alcohol, tobacco, and other drug use during pregnancy by birthing parents (<a href=""https://doi.org/10.1111/j.1521-0391.2010.00110.x"">Massey et al., 2010</a>), and confounding by familial risk from within-family studies (<a href=""https://doi.org/10.1007/s10519-015-9762-2"">Estabrook et al., 2016</a>).</p>
<p>Finally, unwarranted speculation about ‘neural bases of behavior’ form differences in neuroimaging between exposed and unexposed children in the absence of differences in behavioral performance can exacerbate stigma already faced by birthing parents with substance use disorders and their children (<a href=""https://doi.org/10.1016/j.ntt.2015.07.002"">McAllister & Hart 2015</a>).",,,,,,"It was difficult for some participants to self-report the typical size of a single drink (in oz) to capture ‘standard drinks’ of alcohol for ASSIST, leading to some reports falling outside the expected range. Similarly, reporting the frequency of use for substances like electronic cigarette devices proved difficult, resulting in outliers. While sites were queried on these outliers, participants could not always be re-contacted for clarification.",,,,,,,,,
Anthropometrics,,growth,,Anthropometrics <i>(Height/Weight/Head Circumference)</i>,Physical Health,ph_ch_anthro,Growth,,"V02, V03, V04, V06, V08",Direct Assessment,Yes,,,HBCD Study Staff,,in-person,5 min,"Monitor data dashboard for variable missingness, possible coding errors, and data consistency.",,"<b>Anthropometric Z-Score and Percentile Calculations</b>
 Age-based z-scores and percentiles for growth measurements were calculated for V02 onward using the <a href=""https://github.com/CDC-DNPAO/WHOanthro"">WHOanthro</a> R package. Calculations are based on estimated date of delivery, inherently adjusting for pre-mature birth. WHO growth charts were used for participants &lt;2 years old, and CDC growth charts were used for participants 2 years and older.",,,,,,,Range Checks For Growth,,Sex-Specific Birthweight for Gestational Age," Sex-specific birthweight for gestational age centiles and z-scores will be calculated in future data releases using Intergrowth curves (<a href=""https://doi.org/10.1016/S0140-6736(14)60932-6"">Villar et al. 2014</a>). In the meantime, data users can use these growth curves or ones of their choice to calculate centiles and small/large for gestational age variables.",,,,,,,
APA 1/2,,apa,APA 1/2,DSM-5 Self-Rated Level 1/2 Cross-Cutting Symptom Measure—Adult,"Pregnancy & Exposure, Including Substance Use",pex_bm_apa,Mental Health,,"V01, V02, V03",Parent Survey,No,Parent on Self,Pregnant Participant/Birth Parent (as applicable) or Primary Caregiver,,,either,5 min,"Checks for missing data based on counts for items completed by each participant; Verification of scoring accuracy.
Summary statistics to examine item-level frequencies and total scores; Review of response distributions for potential outliers.",,,,,,,,,Consideration of Mental Health Symptoms Experienced During Pregnancy,"The co-occurrence of psychiatric symptoms and substance use during pregnancy is well-documented (<a href=""https://doi.org/10.1111/j.1521-0391.2010.00110.x"">Massey et al., 2011</a>, <a href=""https://doi.org/10.1016/j.addbeh.2012.04.002"">Massey et al., 2012</a>). Phenotypic risk in birthing parents may affect offspring neurodevelopment through both prenatal and postnatal mechanisms, beyond direct exposure alone (<a href=""https://doi.org/10.1007/s10519-015-9762-2"">Estabrook et al., 2016</a>, <a href=""https://doi.org/10.1016/j.ntt.2015.11.010"">Massey et al., 2016</a>, <a href=""https://doi.org/10.1016/j.ntt.2018.02.003"">Massey et al., 2018</a>). These factors may confound associations between exposures and neuroimaging or neurodevelopmental outcomes, but they also represent malleable targets for prevention and early intervention. When possible, incorporating parental mental health symptoms as covariates offers a robust strategy to account for these confounding influences.
",,,,,,,,,
Baby's First Years,,bfy,BFY,Baby's First Years,Social & Environmental Determinants,sed_bm_bfy,"Benefits/Services, Economic Stress",,"V01, V05, V07",Parent Interview,No,Parent on Self,,HBCD Study Staff,,in-person,4 min,"Data dashboard was monitored for variable missingness, possible coding errors, scoring verification when needed, and data consistency.","<ul>  <li>Removed Medicaid coverage item (collected elsewhere in the HBCD Study).</li>  <li>Updates to instruction text for receipt of services items (“Have you received any of these services in the past 12 months?”) and added response option (“Free or reduced school lunch”).</li>  <li>Updated eviction instruction: “In the past 12 months, have you EVER been forced to leave or were evicted from your home?”</li>  <li>Added response options across items: “Don’t know” and “Decline to answer.”</li></ul>",,,,,,,,,,,,,,,,,,
Basic Demographics,,basic_demo,,Basic Demographics,Demographics,sed_basic_demographics,Demographics data derived from multiple sources,,,Derived Data,,,,,,,,,,,,"When using HBCD data, all data users must agree to responsible use as described in the DUC. When conceptualizing studies, analyzing data, and communicating findings from studies that use variables such as race, ethnicity, country of origin, and socioeconomic data, it is critical to consider strategies to avoid stigmatization of any groups and perpetuating harmful biases.

Race and ethnicity are collected as a part of the HBCD protocol to reflect social experiences (i.e., representing social constructs), and should not be conceptualized as biological, natural, intrinsic, or fixed categories of people. In addition, researchers sometimes use race/ethnicity variables as a proxy for unmeasured social experiences or environmental exposures. HBCD measures a wide variety of social experiences and environmental exposures. In analyzing HBCD data, race/ethnicity should not be used as a proxy for measured variables.",,,,,,,,,,,,,,,
"Bayley Scales of Infant and Toddler Development, Fourth Edition",,bayley_4,Bayley-4,"Bayley Scales of Infant and Toddler Development, Fourth Edition",Neurocognition & Language,ncl_ch_bayley,"Child Development (Cognitive, Language, and Motor)",,V04,Parent Interview,Yes,Parent on Child,,,,in-person,60-90 min,"HBCD Study staff were trained and certified by experienced Bayley administrators to ensure adherence to standardized procedures.
During testing, responses were entered into QGlobal (Pearson’s official scoring platform for the Bayley Scales), which automatically applied scoring rules and generated standardized scores.
Data underwent quality checks at both the individual and cohort levels, including range and consistency checks, to identify potential errors or deviations.
Completion rates were monitored across sites, with additional training provided when needed.",,"Bayley scores are generated automatically using QGlobal, Pearson’s official scoring platform for the Bayley Scales. Scores reflect the standardized scoring procedures implemented by Pearson, and no additional manual scoring or modification is applied.",,"Performance of the Bayley Scales of Infant and Toddler Development, Fourth Edition, reflects the child's developmental status, but various factors might influence the results of the assessment that should be taken into account.",,The test was given in the context of a battery of tests and procedures administered to the child and his/her caregiver during the course of an extended visit. Some children may experience fatigue from this and this may have adversely impacted their performance. Ratings of arousal level of the child before and after the assessment may help in identifying situations where the child may have under-performed.,,"The child's exposure to different languages may also impact their performance. The Multilingual Language Development questionnaire was used to screen for parental preference for the test to be administered in Spanish or English (Spanish language translations used are available upon request). The instrument also documents other language exposures that the child may have. Exposure to languages other than Spanish or English may impact a child's performance. In addition, some items on the test may be impacted by environmental experiences related to the task or items used. In these cases, the test may underestimate the child's developmental status.",Missing Records,"A subset of participants are missing the Bayley-4 records, i.e. the <b>Administration</b> field (<code>ncl_ch_bayley_administration</code>) has a value of 'None.' However, there are a variety of reasons why the data may be missing, therefore a value of 'None' does not mean that the Bayley was not administered. These data will be added in future releases as it becomes available.",Limited Predictive Validity for Long-Term Neurocognitive Status,"Although the Bayley Scales of Infant and Toddler Development, Fourth Edition, is a well-established and validated measure of infant development, tests of this nature have historically had limited predictive validity for long-term neurocognitive status.",,,,,,,
Breast Feeding History,,bfh,PHENX BF,Breast Feeding History,Physical Health,ph_cg_phx__bfh,Nutrition,,"V02, V03, V04, V06, V08 V08 (only administered if still breastfeeding at prior visit)",Parent Survey,Yes,Parent on Child,,Self-administered remotely,,remote,1 min,"Monitor data dashboard for variable missingness, possible coding errors, scoring verification when needed, and data consistency.",,,,,,,,,,"Breast feeding history is obtained via self-report, so is vulnerable to recall bias concerning the timing of starting and/or stopping breast feeding. In addition, as the data is obtained via a survey, it is likely that missing data will need to be statistically addressed during analysis.",,,,,,,,,
Brief Infant Sleep Questionnaire,,bisq,BISQ-SF,Brief Infant Sleep Questionnaire- Short Form,Physical Health,ph_cg_bisq,Sleep,,V04,Parent Survey,Yes,Parent on Child,,,,remote,5 min,"Monitor data dashboard for variable missingness, possible coding errors, scoring verification when needed, and data consistency.","When the child is mentioned, pronouns were changed from ""he/she"" to “the child” or gender-neutral pronouns for gender neutrality.","The BISQ-SF is scored in collaboration with the instrument developers (<a href=""https://www.babysleep.com/BISQ/"">https://www.babysleep.com/BISQ/</a>). Parent responses are uploaded to the Baby Sleep team who scores the instrument utilizing a proprietary algorithm and then sends scores back to the HBCD data team. Note that the BISQ-R SF (short form) includes 19 scored questions and one additional sleep duration question which is not scored.

<b>From <a href=""http://babysleep.com"">babysleep.com</a></b>: Scores on each subscale and the total score are scaled from 0 to 100, with higher scores denoting better sleep quality, more positive perception of infant sleep, and parent behaviors that promote healthy and independent sleep. The Total score (T) is computed from the average of the 3 subscale scores.",,,,,,,Incomplete Summary Scores,"Item-level responses are provided for the whole cohort; summary scores are present for all participants except those with data obtained in the month prior to the cutoff date for data inclusion (June 1st, 2025). Summary scores from <a href=""http://babysleep.com"">babysleep.com</a> will be available in subsequent releases.",Spanish Administration,Note that it is not currently possible to determine which participants were administered the Spanish version of the BISQ; a language field will be added in a future release.,Appropriate Use,Scores are for research purposes only and are not for individual dissemination or clinical use.,,,,,
Child Demographics,,demographics_ch,,Child Demographics,Social & Environmental Determinants,sed_bm_demo_child,Child Demographics,,"V04, V06",Parent Interview,Yes,Parent on Child,,,,,10 min,"Data dashboard was monitored for variable missingness, coding errors, and data consistency. High missingness was noted for income: this is in line with expectations.",,,,,,,,,,,,,,,,,,,
Composite Abuse Scale Revised - Short Form,,cabr_sf,CABr-SF,Composite Abuse Scale Revised - Short Form,Social & Environmental Determinants,sed_cg_cabr_sf,Intimate Partner Violence,,"V04, V06",Parent Survey,No,Parent on Child,Birth Parent or Primary Caregiver,Self-administered in person in a private setting,,in-person,2 min,"Scoring verification, data consistency checks, and checks for missingness.","Language was updated to use gender-neutral terminology in the definition of intimate partner in the methods section (e.g.,""Current or former husband, partner or boyfriend/girlfriend"" was replaced with ""spouse, partner, significant other""). Researcher should consider noting this in publications using this data.

“Don’t know” and “Decline to answer” were added as response options for HBCD.","The CABr-SF has 16 questions. Question 1 is a gateway (""Have you ever been in an intimate relationship?""). Questions 2–16 (15 items) are abuse experience items. The summary score is computed as the mean of the abuse experience responses (questions 2-16), multiplied by 15; summary scores are only calculated if participants responded to at least 11 of the 15 abuse experience items. Note that in the updated scoring procedures, ""Don’t Know"" and ""Decline to answer"" are regarded as missing or non-responses.",,,,,,,,"Users should not attempt to create their own summary scores when less than 11 items are answered. Please refer to <a href="""">Ford-Gilboe et al. 2016</a> for scoring guidance.",,,,,,,,,
"Confusion, Hubbub and Order Scale",,chaos,CHAOS,"Confusion, Hubbub and Order Scale",Behavior & Caregiver-Child Interactions,mh_cg_chaos,Family Organization,,"V05, V07",Parent Survey,Yes,Parent on Child,Primary Caregiver,,,remote,4-8 min,"Assess missingness (items completed per participant).
Verify scoring accuracy.
Review summary statistics (item frequencies, total scores).
Inspect response distributions for outliers.",,,,"The HBCD dataset includes many variables that may be important for sound and comprehensive analysis. The inclusion of additional variables will depend on the research question(s) and methodological approach. Users are encouraged to take time to explore the full range of available variables — especially those that may serve as controls, contextual indicators, confounders, mechanisms, or modifiers — to ensure thoughtful and well-supported analytic decisions. Other important considerations may include developmental functioning, broader family supports, and early adverse and protective exposures.",,,,,,,,,,,,,,,
Current Employment,,employment,,Current Employment,Social & Environmental Determinants,sed_cg_employ,Current Employment,,V05,Parent Survey,Yes,Parent on Self,Birth Parent or Primary Caregiver,Self-administered in-person or remotely,,either,5 min,Data were inspected for missing response and proportions.,,,,,,,,,,,,,,,,,,,
Demographics (Adult),,demographics,,Demographics (Adult),Social & Environmental Determinants,sed_bm_demo,Demographics (Birth Parent/Alternative Caregiver),,"V01, V04, V06",Parent Interview,No,Parent on Self,Birth Parent or Primary Caregiver,,,,10 min,"Data dashboard was monitored for variable missingness, coding errors, and data consistency. High missingness was noted for income: this is in line with expectations.",,,,,,,,,,,,,,,,,,,
DSM5 Severity Acute Stress or PTSD,,ptsd,PTSD/Acute Stress,National Stressful Events Survey- PTSD Short Scale/Acute Stress Disorder,"Pregnancy & Exposure, Including Substance Use",pex_bm_str__ptsd,PTSD/Acute Stress Disorder Symptom Severity,,"V01, V02, V03",Parent Survey,No,Parent on Self,Pregnant Participant/Birth Parent (as applicable) or Primary Caregiver,Self-administered in-person or remotely,,either,3 min,"Checks for missing data based on counts for items completed by each participant.
Verification of scoring accuracy.
Summary statistics to examine item-level frequencies and total scores.
Review of response distributions for potential outliers.","In the HBCD study, a ‘Decline to answer’ option was added to all items. A ‘Don’t know’ option was also available early in data collection, but was later removed.",,Consideration of Mental Health Symptoms Experienced During Pregnancy,"The co-occurrence of psychiatric symptoms and substance use during pregnancy is well-documented (<a href=""https://doi.org/10.1111/j.1521-0391.2010.00110.x"">Massey et al., 2011</a>, <a href=""https://doi.org/10.1016/j.addbeh.2012.04.002"">Massey et al., 2012</a>). Phenotypic risk in birthing parents may affect offspring neurodevelopment through both prenatal and postnatal mechanisms, beyond direct exposure alone (<a href=""https://doi.org/10.1007/s10519-015-9762-2"">Estabrook et al., 2016</a>, <a href=""https://doi.org/10.1016/j.ntt.2015.11.010"">Massey et al., 2016</a>, <a href=""https://doi.org/10.1016/j.ntt.2018.02.003"">Massey et al., 2018</a>). These factors may confound associations between exposures and neuroimaging or neurodevelopmental outcomes, but they also represent malleable targets for prevention and early intervention. When possible, incorporating parental mental health symptoms as covariates offers a robust strategy to account for these confounding influences.",,,,,,,,,,,,,,,
Early Regulation in Context Assessment,2 files,erica,ERICA,Early Regulation in Context Assessment,Behavior & Caregiver-Child Interactions,"mh_cg_erica_3_9m (Primary coding data file)
mh_cg_erica_rel_3_9m (Reliability codes)","Emotional Regulation, Parenting, Caregiver-Child Relationship",,V03,Parent Interview,Yes,Parent on Child,Birth Parent or Primary Caregiver,HBCD Study Staff,,in-person,20-30 min,"QC procedures were conducted for ERICA site-level administration and centralized coding of ERICA videos - <a href=""#qc"">expand infobox below for details →</a>",,,,"The HBCD dataset includes many variables that may be important for sound and comprehensive analysis. The inclusion of additional variables will depend on the research question(s) and methodological approach. Users are encouraged to take time to explore the full range of available variables—especially those that may serve as controls, contextual indicators, confounders, mechanisms, or modifiers—to ensure thoughtful and well-supported analytic decisions. Other important considerations may include developmental functioning, broader family supports, and early adverse and protective exposures.

The ERICA assesses variations in child behavior, parenting, and the caregiver-child relationship and should be interpreted within the context of the child's age and developmental stage. This is not a clinical or diagnostic instrument.",,,,,Integrated Analytic Dataset (REQUIRED),"Prior to analysis, you must create a final integrated analytic dataset by merging the reliability codes (<code>mh_cg_erica_rel_3_9m</code>) into the primary coding data (<code>mh_cg_erica_3_9m</code>). <b>Failure to integrate these data prior to analysis will result in incorrect results.</b> In future releases, this will not be necessary, as the integrated, analytic data set will be created prior to release.
See the <a href=""../ERICA_2.1_Integrated_Analytic_Data_INSTRUCTIONS.pdf"" target=""_blank"">Integration Instructions</a> PDF for details. Relevant participant lists can be downloaded from the <a href=""https://hbcd-docs-private.lassoinformatics.com"">HBCD Private Release Notes</a> (DUC access required), including <a href=""https://hbcd-docs-private.lassoinformatics.com/participant_lists/ERICA_2.1_DataError_EXCLUSIONS.csv""><code>ERICA_2.1_DataError_EXCLUSIONS.csv</code></a> and <a href=""https://hbcd-docs-private.lassoinformatics.com/participant_lists/ERICA_2.1_Analytic_REMOVALS.csv""><code>ERICA_2.1_Analytic_REMOVALS.csv</code></a>.",,"Data Release 2.1 includes data from ERICA administrations completed as part of HBCD study visit 3 (3–9 Month) as of July 1, 2025, utilizing the ERICA infant paradigm, which includes a prelocomotor (3–7 month) and locomotor protocol (7–9 month).",,Coded data for a subset of participants may be missing from this data release for various reasons. These data will be added in future releases.,,"The ERICA was administered in Spanish and English. The language of administration (i.e., language in which RAs delivered the instructions) does not always correspond with the language spoken by the caregiver/child during the activities. All videos in which the dyad speaks Spanish during the activities were coded by fully Spanish-English bilingual coders.",,"The code for ""caregiver irritable behavior"" in Data Release 2.1 has a low base rate because few caregivers exhibited elevated irritability. We recommend dichotomizing (0 = 0 and >0 = 1) for analysis.",
ecPROMIS - Physical Activity/Greenspace,,ecpromis_pags,,ecPROMIS - Physical Activity/Greenspace,Physical Health,ph_cg_pms__pags,Physical Activity,,"V04, V06",Parent Survey or Interview,Yes,Parent on Child,Birth Parent or Primary Caregiver,HBCD Study Staff or Self,,either,2 min,"Monitor data dashboard for variable missingness, possible coding errors, scoring verification when needed, and data consistency.",,"The first 5 items are used to create a Physical Activity T-score, and the remaining 2 items are individually scored using the response options. <i>Note that the item-level PA scores are currently on a 0 to 4 scale and need to be converted to 1 to 5 prior to calculating summary scores.</i>

<a href=""../images/PROMIS_Physical_Activity_Scoring_Manual_06.01.2023%5B95%5D.pdf"" target=""_blank"">PROMIS® Physical Activity Scoring Manual</a>:
<img src=""../images/PA-scoring.png"" alt=""Physical Activity Scoring"" width=""70%"" height=""auto"" class=""center"">",,,,,,,,,,,,,,,,,
ecPROMIS - Sleep,,ecpromis_sleep,ecPROMIS - Sleep,ecPROMIS - Parent Report Sleep Problems,Physical Health,ph_cg_pms__sleep,Sleep,,"V04, V06",Parent Survey,Yes,Parent on Child,Birth Parent or Primary Caregiver,HBCD Study Staff or Self,,either,1 min,"Monitor data dashboard for variable missingness, possible coding errors, scoring verification when needed, and data consistency.",,"The questions included in the HBCD protocol are the PROMIS Early Childhood Parent Report Sleep Problems - Short Form 8a. All questions must be answered in order to produce a valid score using the scoring tables provided. If a participant has skipped a question, use the <a href=""https://www.assessmentcenter.net/ac_scoringservice"">HealthMeasures Scoring Service</a> to generate a final score.

See additional/supplemental scoring document <a href=""https://drive.google.com/open?id=1ROIfz0CKm_kqa_CyrZDEMcKMnTqDXJe9"">here</a>.",,,,,,,,"Note that summary scores are currently absent from the release data and will be added in the future - see <a href=""../../../changelog/issues-updates/#pending-updates"" target=""_blank"">Pending Updates</a>.",,,,,,,,,
ecPROMIS Caregiver-Child Relationship Scale,MANUAL,ecpromis,,ecPROMIS Caregiver-Child Relationship Scale,Behavior & Caregiver-Child Interactions,mh_cg_pms__cc__inf / mh_cg_pms__cc__1to5,Relationships,,"Inf: V03, V05
1to5: V03, V05, V07",Parent Survey,Yes,Parent on Child,,,,remote,1-2 min,"Examine missingness by counting items answered per participant.
Check age is within expected ranges.
Review summary statistics and visualizations (item frequencies, age, prorated scores).",,,,"The HBCD dataset includes many variables that may be important for sound and comprehensive analysis. The inclusion of additional variables will depend on the research question(s) and methodological approach. Users are encouraged to take time to explore the full range of available variables — especially those that may serve as controls, contextual indicators, confounders, mechanisms, or modifiers — to ensure thoughtful and well-supported analytic decisions. Other important considerations may include developmental functioning, broader family supports, and early adverse and protective exposures.",,,,,Data Interpretation,The ecPROMIS assesses normative variations in child behavior and should be interpreted within the context of the child's age and developmental stage. This is not clinical or diagnostic instrument.,Administration at V05 (<1 year vs. 1–5 years),"At V05 (10–17 months), the standard administration is the child (1–5 years) version of the ecPROMIS Child–Caregiver Relationship Scale. A small subset of participants (N=11) were administered both the child and infant (<1 year) versions at this visit. Although data from both instruments are valid, we recommend using the 1–5 years version for V05 analyses to ensure consistency across participants, as most were administered only the 1–5 years version.",,,,,,,
ecPROMIS Peer Relationships Scale,,ecpromis_peer,ecPROMIS-Peer,ecPROMIS Peer Relationships Scale,Behavior & Caregiver-Child Interactions,med_cg_pms__peer,Peer Relationships,,"V05, V07, V09",Parent Survey,Yes,Parent on Child,Primary Caregiver,,,remote,1-2 min,"Examine missingness by counting items answered per participant.
Check age is within expected ranges.
Review summary statistics and visualizations (item frequencies, age, prorated scores).",,,,"The HBCD dataset includes many variables that may be important for sound and comprehensive analysis. The inclusion of additional variables will depend on the research question(s) and methodological approach. Users are encouraged to take time to explore the full range of available variables — especially those that may serve as controls, contextual indicators, confounders, mechanisms, or modifiers — to ensure thoughtful and well-supported analytic decisions. Other important considerations may include developmental functioning, broader family supports, and early adverse and protective exposures.",,,,,,,,,,,,,,,
ecPROMIS Self-Regulation - Flexibility Scale,,ecpromis_selfreg,,ecPROMIS Self-Regulation - Flexibility Scale,Behavior & Caregiver-Child Interactions,mh_cg_pms__selfreg,Self-Regulation and Flexibility,,"V05, V07, V09",Parent Survey,Yes,Parent on Child,Primary Caregiver,,,remote,1-2 min,"Examine missingness by counting items answered per participant.
Check age is within expected ranges.
Review summary statistics and visualizations (item frequencies, age, prorated scores).",,,,"The HBCD dataset includes many variables that may be important for sound and comprehensive analysis. The inclusion of additional variables will depend on the research question(s) and methodological approach. Users are encouraged to take time to explore the full range of available variables — especially those that may serve as controls, contextual indicators, confounders, mechanisms, or modifiers — to ensure thoughtful and well-supported analytic decisions. Other important considerations may include developmental functioning, broader family supports, and early adverse and protective exposures.",,,,,,,,,,,,,,,
Edinburgh Postnatal Depression Scale,,epds,EPDS,Edinburgh Postnatal Depression Scale,"Pregnancy & Exposure, Including Substance Use",pex_bm_epds,Postnatal Depression,,"V01, V02, V03",Parent Survey,No,Parent on Self,Pregnant Participant or Birth Parent (as applicable),Self-administered in-person or remotely,,either,3 min,"Checks for missing data based on counts for items completed by each participant.
Verification of scoring accuracy.
Summary statistics to examine item-level frequencies and total scores.
Review of response distributions for potential outliers.","In the HBCD study, a ‘Decline to answer’ option was added to all items. A ‘Don’t know’ option was also available early in data collection, but was subsequently removed. Questions answered with ‘Decline to answer’ or ‘Don’t know’ are marked as missing. In addition, scores for EPDS Self-Harm (score>1) and Depression (total score>11) triggered clinical alerts for study staff.","Items are scored on a 0→3 scale. Items 3, 5–10 are reverse-scored (i.e., 3→0): this is already reflected in the raw responses and no additional item-level scoring is required. Total scores are calculated as the sum of item responses. Scores are not prorated or set to missing for incomplete items; users should determine how to handle missing data.",,,,,,,,,,,,,,,,,
Experiences of Unfair Treatment,,discr,,Experiences of Unfair Treatment,Social & Environmental Determinants,sed_bm_phx__discr,Experiences of Unfair Treatment,,"V01, V05, V07",Parent Survey,No,Parent on Self,Birth Parent or Primary Caregiver,Self-administered remotely,,remote,3 min,"Data dashboard monitored for variable missingness, possible coding errors, and data consistency.",,,,,,,,,,,,,,,,,,,
Family Assessment Device,,fad,FAD (GF6+),Family Assessment Device (General Functioning),Behavior & Caregiver-Child Interactions,mh_cg_fad,Global Functioning of the Family Unit,,"V04, V06",Parent Interview or Survey,No,Parent on Child,Birth Parent or Primary Caregiver,,,either,2 min,"Item- and measure-level missingness were examined.
Check age is within expected ranges.
Scoring algorithm evaluated to ensure correct score calculations.
Review summary statistics and visualizations (item frequencies, scores distributions, prorated scoring).
Cronbach’s alpha calculated to assess inter-item reliability.",,,,"The HBCD dataset includes many variables that may be important for sound and comprehensive analysis. The inclusion of additional variables will depend on the research question(s) and methodological approach. Users are encouraged to take time to explore the full range of available variables — especially those that may serve as controls, contextual indicators, confounders, mechanisms, or modifiers — to ensure thoughtful and well-supported analytic decisions. Other important considerations may include developmental functioning, broader family supports, and early adverse and protective exposures.",,,,,,,,,,,,,,,
Geocoded Linked External Data,,gled,GLED,Geocoded Linked External Data- Residential Address History,Social & Environmental Determinants,,Neighborhood Measures,geocoding/,,Derived Data,Yes,,,,,,,"Verify that addresses from the address history form fall within the appropriate catchment area boundaries.
Assess address history completeness to ensure continuous coverage back to at least one year before the child's estimated due date (EDD).
Geocode addresses and verify successful geocoding to ensure accurate linkage.",,,,"As a condition of using these data, specified in the data use certification (DUC), you agreed not to identify any individual from whom data was obtained and not to identify their relatives.  To help maintain our participant’s anonymity, researchers should refrain from using geospatial information to identify actual geographic locations. To avoid identification, we have blurred the coded value to avoid any unique values that are shared by less than 10 individuals.",,,,,,"The geocoded variables were based on intersections between residential addresses reported by participants and geospatial databases built by environmental and neighborhood through publicly available geospatial database, including CDC and EPA. Therefore, the coded values represent estimates about potential exposures or experience given where the participants have spent their time. The accuracy of such estimates would be influenced by multiple factors, including the validity of the original geospatial databases. For detailed information about how original geospatial databases were built by publicly available geospatial databases, including CDC and EPA, please refer to the data dictionary where the link to the source data is provided.",,,,,,,,,
HOME-21 Infant-Toddler,,home21,HOME-21,Home Observation for Measurement of the Environment Infant-Toddler Version,Social & Environmental Determinants,sed_cg_home_it,Child’s Home Environment: Cognitive Stimulation and Emotional Support in the Home,,"V04, V06",Parent Interview or Survey,No,Parent on Child,Birth Parent or Primary Caregiver,,,either,10 min,Subject matter experts constructed an algorithm to verify and correct scores computed automatically.,"For HBCD, HOME-21 was adapted for more inclusive language (“sister or brother” changed to “sibling(s)”; “family members” changed to “another adult in your home”).","Individual items are re-scored as Yes (1)/No (0) and summed within two domains, Cognitive Stimulation (range 0-8) and Emotional Support (range 0-3), plus a total score (range 0-12). The tool is intended to be used in infants aged Birth - 2y 11m 30d. See the table below for details and <a href=""https://doi.org/10.1037/pas0001183"">Lansford et al. (2023)</a> for complete scoring procedure details.",,"The HBCD dataset includes many variables that may be important for sound and comprehensive analysis. The inclusion of additional variables will depend on the research question(s) and methodological approach. Users are encouraged to take time to explore the full range of available variables—especially those that may serve as controls, contextual indicators, confounders, mechanisms, or modifiers—to ensure thoughtful and well-supported analytic decisions. Other important considerations may include developmental functioning, broader family supports, and early adverse and protective exposures.",,,,,,,,,,,,,,,
Household Chemical Exposures,,chem_exp,,Household Chemical Exposures,Social & Environmental Determinants,sed_cg_hce,Household Chemical Exposures,,V05,Parent Survey,Yes,Parent on Child,Birth Parent or Primary Caregiver,Self-administered in-person or remotely,,either,5 min,Response proportions and unusual missing patterns were reviewed.,"Certain instruction item prompts were modified for consistency and a subset of items were removed, updated, or added - <a href=""../chem-exposures_hbcd-mod.html"" target=""_blank"">see here for details</a>.",,,,,,,,,"Participants report information for the child’s primary residence. If a child spends at least 2-days per week in multiple homes, reporters are asked to provide information for the home they are most familiar with. As a result, exposures to secondhand smoke or chemicals in those additional environments is not captured, which may result in incomplete exposure data.",,,,,,,,,
Illumina Global Diversity GWAS Array,,illumina,GDA GWAS,Illumina Global Diversity GWAS Array,Biospecimen & Omics,,"GWAS, EWAS, Transcriptome","└── genetics/genotype_microarray/GDA/
    ├── batch.info
    └──  hbcd.{bed|bim|fam}","Samples are assayed from one sample (from parent and child), but may come from any visit (V01-V06) based on DNA yields.",Direct Assessment,,,Birth Parent & Child,,,,,"Check that sampled ID and sample-specific barcodes match from Sampled File and Lasso Database.
Check that genomic sex matches with sex at birth.
Check that genetic relatedness of each sample matches Lasso data (i.e., that IBD is ~0.25 between the birth parent and child as well as siblings; evaluate potential twins).
Use FHET estimates to check for plate contamination.
Visually inspect plate effects on principal component space derived from PC-Relate.
GDC Genomics QC pipeline analysis - see details and summary statistics <a href=""#gdc-genomics-qc-pipeline-analysis"">below</a>.",,,Anonymity,"Data users are prohibited from using HBCD data, including genomic data, to identify participants or their relatives. You accessed these data under a Data Use Certification (DUC) agreement in which you and your institution agreed that you would not attempt to establish the individual identity of any study participants or their relatives. You also agreed to adhere to a minimum cell threshold of 10 in any public reporting of data (i.e., publications, posters, or other presentations). Protecting participants’ anonymity demonstrates respect for them and minimizes their research-related risks.",Population Descriptors,"The use of population descriptors in genetic research has been varied and inconsistent. The National Academies of Science, Engineering, and Medicine (NASEM) published a report on the use of population descriptors, such as ancestry, race, ethnicity, and geography, in genomics (<a href=""https://doi.org/10.17226/26902"">https://doi.org/10.17226/26902</a>). We encourage data users working with HBCD genomics data to consult the NASEM report to understand the past and current use of population descriptors in genomics research as well as current best practice recommendations when analyzing or reporting on HBCD genomic data. Race and ethnicity represent social constructs that are conceptually distinct from ancestry inferred from genetic data. Description of race and ethnicity variables in HBCD may be found in <a href=""../../demo/basicdemo/#race-ethnicity-variables"" target=""_blank"">Basic Demographics</a>.",Ethical Obligations to Minimize Risks,"Analysts using HBCD data have ethical obligations to minimize risks, including psychological, social, and economic risks, to research participants who generously provided their data. Risk minimization includes avoiding stigmatizing language when describing participants or the populations with which they identify, their phenotypes, or their genetic risks. It also includes carefully and clearly articulating limitations and caveats when reporting results and discussing how the results should and should not be interpreted or generalized.

Results generated from HBCD data may be used to guide policy (e.g., for social services, education, or public health interventions). Researchers should be aware of policy implications and controversies related to their research. Some approaches for ethically conducting and reporting research using genetic data are discussed in <a href=""https://doi.org/10.1002/hast.1477"">Meyer et al. (2023)</a>, <i>Wrestling with Social and Behavioral Genomics: Risks, Potential Benefits, and Ethical Responsibility</i> (<b>The Hastings Center Report</b>).

Researchers cannot control how others, including members of the public and policy makers, interpret scientific results we publish. However, we can take steps to minimize the likelihood our results will be misinterpreted or overinterpreted. In addition to clearly denoting limitations and caveats when reporting results, specific approaches for working with genomic data in this context are discussed in <a href=""https://doi.org/10.1146/annurev-genom-011224-015733"">Martshenko et al. (2025)</a>, <i>Social and Behavioral Genomics: On the Ethics of the Research and Its Downstream Applications</i> (<b>Annual Reviews Genomics and Human Genetics</b>). For examples of brief documents that explain social and behavioral genomics for non-experts, see “FAQs on Human Genomics Studies” at <a href=""https://www.thehastingscenter.org/genomics-research-index/"">https://www.thehastingscenter.org/genomics-research-index/</a>.",Twins Present in Birth Parents,"The dataset includes two birth parents who are monozygotic twins (along with their respective families), which may complicate certain analyses. The participant IDs associated with this twin pair are under internal review and may be shared in a future update.",Data Exclusions,"A total of 22 samples were excluded from data release (i.e., are not contained in the public release files) due to poor genotyping quality (i.e., SNP Missingness >10%), unexpected unrelatedness with no confirmed use of reproductive technology, unexpected relatedness (i.e., identical samples across adults), and sex check mismatch.",,,,,,,
Infant Behavior Questionnaire-Revised VSF+BI,,ibqr,IBQ-R,Infant Behavior Questionnaire-Revised Very Short Form + Behavioral Inhibition,Behavior & Caregiver-Child Interactions,mh_cg_ibqr,Behavioral Inhibition Negative Affectivity Effortful Control Surgency / Extraversion,,"V03, V05",Parent Survey,Yes,,Primary Caregiver,,,remote,7-10 min,"Examine missingness by counting items answered per participant.
Check age is within expected ranges.
Review summary statistics and visualizations (item frequencies, age, prorated scores).
Assess reliability (Cronbach’s α).",,,,"The HBCD dataset includes many variables that may be important for sound and comprehensive analysis. The inclusion of additional variables will depend on the research question(s) and methodological approach. Users are encouraged to take time to explore the full range of available variables — especially those that may serve as controls, contextual indicators, confounders, mechanisms, or modifiers — to ensure thoughtful and well-supported analytic decisions. Other important considerations may include developmental functioning, broader family supports, and early adverse and protective exposures.",,,,,Interpreting Data,The IBQ-R (VSF)+BI and ECBQ (VSF)+BI measure normative variations in infant and child behavior and should be interpreted in the context of the child’s age and developmental stage. These instruments are not clinical or diagnostic tools.,IBQ-R vs ECBQ Administration at V05,"At V05 (10–17 months), participants could be administered either the IBQ-R (validated for ages 3–12 months) or the ECBQ (validated for ages 18–36 months), depending on their age at the visit. Because no validated measure exists for 12–18 months, researchers are advised to select the instrument that best aligns with their study design. The HBCD protocol spans this age gap, so the decision was made to administer the IBQ-R to all infants at V03 and V05.

However, early in data collection, the ECBQ was inadvertently administered to infants older than 12 months (N=78). In a small number of cases (N=10), caregivers had not completed all of their V05 remote surveys before the child aged into the ECBQ range, resulting in both measures being administered at V05. Although IBQ-R and ECBQ assess similar constructs, they are not interchangeable. Users should review measure-specific properties before incorporating these data into analyses.",,,,,,,
Infant Nutrition Questionnaire,,nutrition,,Infant Nutrition Questionnaire,Physical Health,ph_cg_inq,Nutrition,,V05,Parent Interview,Yes,Parent on Child,Birth Parent or Primary Caregiver,HBCD Study Staff or Self,,either,10 min,"Monitor data dashboard for variable missingness, possible coding errors, and data consistency.",,,,,,,,,,,,,,,,,,,
Infant Sensor Questionnaire 1/2/3,,inf_sensor_q,,Infant Sensor Questionnaire 1/2/3,Novel Tech & Wearable Sensors,nt_ch_sens__qtn_{1|2|3},"Motor Development, Regulation (Sleep/Wake)",,"V02, V03",Parent Survey,Yes,Parent on Child,Primary Caregiver,,,remote,,"When no survey responses were received, research assistants were contacted to confirm whether the surveys had been sent to participants as intended. The most common cause of missing responses was caregiver non-response, and less commonly due to human error (preferred contact/contact method not selected by RA) or technological malfunction.",,,,,,,,,,,,,,,,,,,
Lead Exposures,,lead,,Lead Exposures,Social & Environmental Determinants,sed_cg_ledexp,Lead Exposures,,V05,Parent Survey,Yes,Parent on Child,Birth Parent or Primary Caregiver,Self-administered in-person or remotely,,either,5 min,Response proportions and unusual missing patterns were reviewed.,,,,"Incidents of pediatric lead poisoning have previously been linked to consumption of certain imported candies and food colorings, traditional remedies, or food storage vessels (<a href=""https://www.cdc.gov/mmwr/preview/mmwrhtml/00055939.htm"">CDC 1998</a>; <a href=""https://www.cdc.gov/lead-prevention/prevention/foods-cosmetics-medicines.html"">CDC 2025</a>). The identification of these specific sources in the Lead Exposures questionnaire is based on documented cases of lead poisoning tied to specific products and should not be interpreted as highlighting any group as having particularly high risk as a result of their race or ethnicity. It is important to recognize that products and sources others than those specifically listed may contain hazardous levels of lead.",,,,,,,,,,,,,,,
MacArthur-Bates CDI,,mb_cdi,MB-CDI,"MacArthur-Bates Communicative Development Inventories, Words and Gestures",Neurocognition & Language,"ncl_ch_cdiwgen
ncl_ch_cdiwges",Language Development,,"V04, V06",Parent Survey,Yes,Parent on Child,Birth Parent or Primary Caregiver,,,in-person,20-60 min,"HBCD SOPs instruct RAs to present instructions exactly as shown in the existing <a href=""https://webcdi.org/static/webcdi/pdf/webCDIManual.pdf"" target=""_blank"">Web-CDI Manual</a>.

All data collection, calculation of summary scores, and percentile scores are completed within Web-CDI and then imported into the HBCD database. Data were reviewed to verify that fields are appropriately labeled upon import, and range checks of all summary variables were performed.",,"All summary scores (e.g. <strong>Total Gestures</strong>, <strong>Words Understood</strong>, <strong>Words Produced</strong>) and associated percentiles (with and without adjustment for child sex) were computed within Web-CDI using the most updated norms within that software and described in MacArthur-Bates User's Guide and Technical Manual, 3rd Edition (Marchman, Dale, and Fenson, 2023).

The child’s age at administration for purposes of scoring the CDI is entered by the caregiver as part of the Web-CDI form. The caregiver also notes on this form if the child was born prematurely and if so, by how many weeks. The Web-CDI then provides percentile scores both unadjusted and adjusted for prematurity. See <a href=""https://webcdi.org/static/webcdi/pdf/webCDIManual.pdf"">https://webcdi.org/static/webcdi/pdf/webCDIManual.pdf</a>.",,"The CDI forms are well-documented and widely used assessments. We note that percentile scores were calculated based on the norms described in MacArthur-Bates User's Guide and Technical Manual, 3rd Edition (Marchman, Dale, and Fenson, 2023), see additional references below. See <a href=""#hbcd-mod"">HBCD Modifications</a> for a description of how the CDI-WG is administered to children with exposure to different languages; users may want to consider the <a href=""../mlds"" target=""_blank"">Multilingual Language Development</a> questionnaire in conjunction with the CDI.",,,,,,"The CDI-WG provides percentiles score but does not provide standard scores. Note that in some cases, the caregiver endorsed all items in certain sections of the Web-CDI form. These cases are included in the released data as completed by the caregiver, but users may take caution in interpretation.

In addition, the CDI includes a benchmark age that is based on entry by the caregiver. Note that the CDI is not administered until 9 months of age and data entry errors may occur. Users may want to use this in conjunction with other data on the child's age included elsewhere in HBCD.",,,,,,,,,
Medical History Questionnaire,,med_hist,,Medical History Questionnaire,Physical Health,ph_cg_ecls__medhist,Medical History,,"V04, V06",Parent Interview,Yes,Parent on Child,Birth Parent or Primary Caregiver,HBCD Study Staff or Self,,either,10 min,"Monitor data dashboard for variable missingness, possible coding errors, and data consistency.",,,,"When using HBCD data, all data users must agree to responsible use as described in the DUC. When conceptualizing studies, analyzing data, and communicating findings from studies that use variables within the Medical History Form, it is critical to consider strategies to avoid stigmatization of any groups and perpetuating harmful biases.",,,,,,,,,,,,,,,
MRI Scan Session & Data Summary Forms,2 tables- make manually?,mri_forms,,MRI Scan Session Summary Form / MRI Data Summary Form,Tabular Imaging,mri_ra_chkl_scan / mri_ra_chkl_data,Pre-/Post-MRI Tech Checklists 1 <i>(Scan Session)</i> & 2 <i>(Data)<i>,,V02 - V06,MRI Technician Form,Yes,N/A: RA Form,,,,in-person,,Brief visual review of data prior to release to check for errors and missingness.,,,,,,,,,,,,,,,,,,,
Multidimensional Assessment Profiles - Temper Loss Scale,MANUAL,maps_tl,MAPS-TL,Multidimensional Assessment Profiles - Temper Loss Scale,Behavior & Caregiver-Child Interactions,mh_cg_mapdb__inf,Irritability,,V03,Parent Survey,Yes,Parent on Child,Primary Caregiver,,,remote,5 min,"Examine missingness by counting items answered per participant.
Check age is within expected ranges  (3-9/10-17 months for Infant/Toddlerhood).
Review summary statistics and visualizations (item frequencies, age, prorated scores).
Assess reliability (Cronbach’s α).",,,,,,,,,,,,,,,,,,,
Multilingual Language Development Screener,,mlds,MLDS,Multilingual Language Development Screener,Neurocognition & Language,ncl_ch_mlds,Multilingual Exposure,,"V03, V04, V05, V07",Parent Survey,Yes,Parent on Child,Primary Caregiver,Self-administered remotely,"If the caregiver does not complete the assessment remotely, it is conducted at the visit to document the child’s language exposure environments. The instrument can be administered by an HBCD Study team member in-person or via video as needed.",remote,3-10 min,Monitor frequency of decline to answer and completeness during data collection (initial data showed that about 10% of questionnaires were not complete).,,,,,,,,,,"This measure assesses a child’s exposure to language to guide the selection of appropriate measures for their next in-person study visit. It estimates the percentage of time the child is exposed to languages in caregiving environments, based on caregiver reports. These estimates are approximate and also may not account for all languages the child encounters. The measure does not evaluate or quantify the child’s interactions or their expressive or receptive language skills in a given language, but rather provides an estimate of the time spent in environments where specific languages are spoken.",,,,,,,,,
Olink Explore 384 Inflammation 1 Panel,,olink,Olink,Olink Explore 384 Inflammation 1 Panel,Biospecimen & Omics,,Maternal Inflammation,"└── proteins/olink/inflammation/
    ├── Olink_allplates_long.csv
    └── Olink_allplates_wide.csv",V01,Direct Assessment,No,,Pregnant Participant,,,in-person,,"Olink internal assay controls include extension (used for normalization to generate NPX values), incubation, and amplification controls used to monitor assay performance and individual sample quality. See the <a href=""https://7074596.fs1.hubspotusercontent-na1.net/hubfs/7074596/01-User%20Manuals%20for%20website/1187-olink-explore-overview-user-manual.pdf"">Olink® Explore Overview (<em>section 7.1 Internal controls</em>)</a> for details. Proteins that did not meet Olink’s quality control criteria (N=10) have values of <em>0</em> for <code>{ASSAY}_Count</code> and <em>NA</em> for <code>ExtNPX</code>, <code>NPX</code>, and <code>PCNormalizedNPX</code>.",,,,,,,,,,"74 samples that were run in this batch are not included in this data release. However, data normalized by median plate intensity included NPX values from these excluded subjects. We anticipate that these subjects will be included in later data releases.",,"Limits of detection (LOD) were not calculated for this release. Users should compute LOD values using negative control (NC) samples. Proteins with a high proportion of values below the LOD should be excluded or interpreted with caution. 14 assays have low NC counts and calculating LOD based on NPX is not appropriate, so these assays should also be interpreted with caution.",,,,,,,
Partner Dynamics Extended,,ehits,eHITS,"Partner Dynamics Extended – Hurt, Insult, Threaten, Scream",Social & Environmental Determinants,sed_bm_ehits,Intimate Partner Violence,,V01,Parent Interview,No,Parent on Self,,,,in-person,2 min,"Monitor data dashboard for variable missingness, possible coding errors, scoring verification, and data consistency.","Various research groups made minor word changes. Sherin and colleagues developed the original instrument, HITS, published in 1998. Chan and colleagues expanded HITS to include a question regarding forced sexual activity <a href=""https://doi.org/10.1177/102490791001700202"">Chan et al. 2010</a>. To acknowledge these changes in future publications, we recommend including the exact verbiage of the HBCD-version of the item in the methods section of any reports, presentations, and manuscripts.",,,,,,,,,,,,,,,,,,
Pediatric Adverse Childhood Experiences,,pedaces,Ped ACEs,Pediatric Adverse Childhood Experiences,Social & Environmental Determinants,sed_cg_pedaces ,Adverse Childhood Experiences (Child),,"V04, V06",,Yes,,,,,,,,,,,,,,,,,,,,,,,,,,
Personal and Family Psychiatric History,,fam_mh,FAM MH,Personal and Family Psychiatric History,"Pregnancy & Exposure, Including Substance Use",pex_bm_psych,Personal and Family Mental Health,,V01,Parent Survey,No,Parent on Self,Pregnant Participant,Self-administered in-person,,either,5 min,Response distributions reviewed for outliers,,,,,,,,,,,,,,,,,,,
PhenX+ Neighborhood Safety,,nbhsaf,,PhenX+ Neighborhood Safety,Social & Environmental Determinants,sed_bm_nbhsaf,Neighborhood Safety,,"V01, V02, V07, V09",Parent Survey,No,,,Self-administered in-person or remotely,,either,1 min,Data dashboard monitored for missingness.,,,,,,,,,,,,,,,,,,,
Pre-Scan Questionnaire,,prescan_q,,Pre-Scan Questionnaire,Tabular Imaging,mri_ra_prep,Infant Sleep Environment,,V02 - V06,Parent Interview,Yes,Parent on Child,,,,,,"Data dashboard monitored for variable missingness, coding errors, and data consistency",,,,,,,,,,,,,,,,,,,
PROMIS Perceived Stress/Social Support,,promis,PROMIS,Patient-Reported Outcome Measurement Information System Perceived Stress/Social Support,Social & Environmental Determinants,sed_bm_strsup,Perceived Stress/Social Support,,"V01, V02, V03",Parent Survey,Yes,Parent on Child,Primary Caregiver,,,remote,4 min,"Monitor data dashboard for variable missingness, possible coding errors, scoring verification, and data consistency.",Response options for the PROMIS were modified to include the addition of “Don’t know” and “Decline to answer.”,,,,,,,,,,,,,,,,,,
Protective and Compensatory Experience,,paces,PACEs,Protective and Compensatory Experience,Social & Environmental Determinants,,Protective Factors,,V01,Parent Survey,No,Parent on Self,,Self-administered in-person or remotely,,,,,,,,,,,,,,,,,,,,,,,
Screen-Based Media Use,,screenq,ScreenQ,Screen-Based Media Use,Physical Health,ph_cg_screenq,Media Use,,"V04, V06",Parent Interview,Yes,Parent on Child,Birth Parent or Primary Caregiver,HBCD Study Staff or Self,,either,5 min,"Monitor data dashboard for variable missingness, possible coding errors, scoring verification, and data consistency.","The HBCD ScreenQ includes additional response options ""Decline to answer"" and ""Don’t know."" The impact on scoring is described under Scoring Procedures below. In addition, when the child is mentioned, pronouns were changed from he/she to “the child” for gender neutrality.","The ScreenQ is scored in 4 domains: Access (7 point max), Frequency (8 point max), Content (6 point max), and Co-Viewing (6 point max). The sum of these domains gives the Total score with range 0-27. A summary score is not computed if data are missing. Note that ""Decline to answer"" and ""Don’t know"" (additional response options incorporated for HBCD) are both considered missing/non-responses; any questionnaire that includes those answers should not have a summative score calculated. Researchers can decide independently how to handle missingness. See full scoring procedures <a href=""https://drive.google.com/open?id=1BBjsyc3eY68C95x8Zhn75XyKpaNdypNF"">here</a>.",,,,,,,,,,,,,,,,,
Second Hand Smoke Exposure,,shs,,Second Hand Smoke Exposure,Social & Environmental Determinants,sed_cg_shs,Second Hand Smoke,,V05,Parent Survey,Yes,Parent on Child,Birth Parent or Primary Caregiver,Self-administered in-person or remotely,,either,1 min,Response missingness and proportions were reviewed.,"Prompts for instruction items were modified to be consistent with the housing/residence description and remove information on dose of exposure (given lack of validation of dose-related information). Two items were removed: 2 1b (<i>""How often, on average, are cigarettes smoked inside the child’s home or dwelling?""</i>) and 3 2b-e (<i>Specifics on non-cigarette products used most often, and their frequency</i>).",Responses can be used in binary form (yes/no).,,,,,,,,"Participants report information for the child’s primary residence. If a child spends at least 2-days per week in multiple homes, reporters are asked to provide information for the home they are most familiar with. As a result, exposures to secondhand smoke or chemicals in those additional environments is not captured, which may result in incomplete exposure data.",,,,,,,,,
Sensory Processing Measure-2,,spm_2,SPM-2,Sensory Processing Measure-2,Neurocognition & Language,"ncl_cg_spm2__inf (Infant version)
ncl_cg_spm2__tod (Toddler version)",Sensory Processing/Integration,,V03 (Infant); V05 (Toddler),Parent Survey,Yes,Parent on Child,Primary Caregiver,Self-administered remotely,,remote,12 min,Periodic review of data capture to ensure that items are being fully completed and spot checks on scoring to assure algorithms are being correctly employed.,,"The proprietary reference sample tables from which the SPM-2 summary scores were derived are available from Western Psychological Services (Parham et al. 2021). These items contain imputed scores based on tables from the publisher. At this time, released data does not specify the exact items that have been imputed.",,,,,,,"Addition of Response Option ""Decline to answer""","The response option ""Decline to answer"" was added on November 8, 2024 to allow participants to not answer any questions they choose. However, ""Decline to answer"" is not a response option on the published form and was not used in the reference sample from which the standard scores were derived. It is possible that participants chose “Decline to Answer” rather than “never” for behaviors that have never been seen (for example items related to reacting to food texture for an infant who has not been exposed to solids).",,,,,,,,,
Study Navigator Contact Form,,study_nav,,Study Navigator Contact Form,Administrative,,Recruitment/Retention,study_navigator/,Filled out by the Study Navigator during and/or between study visits.,Parent Interview,,,Primary Caregiver,,,either,,"This form is under development for HBCD. Data was collected with guidance using the <a href=""../SNContactFormCompanionGuideOutline_Pilot_V4-HH.pdf"" target=""_blank"">HBCD Study Navigation Contact Form Guide</a>. Data review and cleaning has occurred 3 times (September 2024, February 2025, and November 2025). Minor updates to the form and the form guide were completed in September 2024 and October 2025.",,,,"Study Navigators were strongly encouraged, but not required, to fill out the Study Navigator Contact Form. Guidance was provided to complete the contact form as soon as possible (within 24 hours) after a contact with a participant. Study Navigators were also provided with the option to complete the form to document multiple contacts within a specific time or for a specific participant (text messages, phone calls, etc.). The data is subject to recall bias.",,,,,Background Information,"The Study Navigator Contact Form was created for the HBCD Study as a document for characterizing participant contacts and support. The form was developed by integrating metrics from documents used in similar support professions (e.g. certified peer support, case managers, doulas, social workers, etc.). Use of the form was strongly encouraged, but not mandatory for Study Navigators to complete.",Variation Across Sites,"There is wide variation across HBCD sites and Study Navigators in use of the forms, which should be considered in any analyses conducted and conclusions drawn using contact form data. Additionally, some HBCD sites provided study navigator support to all participants, and some sites focused support on participants with substance use and/or participants experiencing significant adversities.",,,,,,,
Substance Use Patterns in Pregnancy,,subst,,Substance Use Patterns in Pregnancy,"Pregnancy & Exposure, Including Substance Use",pex_bm_subst,Substance Use in Pregnancy,,V02,Parent Survey,No,Parent on Self,Birth Parent,Self-administered in-person,,in-person,5 min,Response distributions are reviewed for outliers and additionally cross-checked with ASSIST V1/V2 to ensure consistency in reported substances.,,,,"HBCD participants are relying on data users to be respectful and to minimize potential harms (such as stigmatization) when analyzing data and reporting analyses. For a brief discussion of how stigma and stereotyping affect people with substance use disorder, see this National Institute of Drug Abuse (NIDA) website: <a href=""https://nida.nih.gov/research-topics/stigma-discrimination#address"">https://nida.nih.gov/research-topics/stigma-discrimination#address</a>.

When using these data, please consider the context in which HBCD collected data on the use of substances. HBCD focuses on the impact of exposures on child development; therefore, substance exposure was assessed rather than the legality of the drug or its misuse. There is a significant difference between the “use” of a substance, which may or may not be legal, and the “misuse” of that substance. It is not, for instance, appropriate to describe participants who used substances as “addicts” or as having a “substance use disorder” because we did not collect information on such diagnoses. A number of drugs for which we gathered data, although open to misuse, could have been prescribed. These include methadone, buprenorphine, Adderall, and even certain cannabis products. While a participant’s use may or may not have been consistent with prescribed indications, we have not collected such information, nor have we collected information addressing the motivation for use.

For recommended language related to substance use, please see the NIDA website: <a href=""https://nida.nih.gov/nidamed-medical-health-professionals/health-professions-education/words-matter-terms-to-use-avoid-when-talking-about-addiction""><i>Words Matter - Terms to Use and Avoid When Talking About Addiction</i></a>.

We suggest that while designing and reporting analyses, users consider additional factors that may be more common among individuals with prenatal substance use and likely affect many outcomes of interest. Data users can minimize potential experimental biases by including appropriate additional variables that assess participants’ other relevant exposures and social contexts. HBCD has collected many such variables, some of which might serve as confounders or modifiers in analyses of substance use variables from this instrument.

Please take care not to overinterpret your results or to make assumptions about causation if your analysis is not designed for causal inference.  We cannot control how other people, such as policy makers, educators, or clinicians, use the results of our research, but we can minimize risks of misuse by such non-scientist constituencies by being very clear, in papers and presentations, about the limits of our findings.",,,,,,"The SU Patterns in Pregnancy measure is administered only to participants who endorsed substance use on the V1 or V2 ASSIST. Because the measure was added one year after study enrollment began, its availability varies across participants. Most participants completed the measure at V2; however, early enrollees (~1,200 participants) who had already finished V2 before its introduction instead received it at their next available visit, which was as late as Visit 5.

The form captures general patterns of substance use by trimester and is intended to complement (1) the Timeline Followback (TLFB), which focuses on specific weeks of use during pregnancy, and (2) biospecimen data, which have variable look-back periods. However, some participants only consider <i>use after pregnancy recognition</i> as 'pregnancy use,' which may result in discrepancies between this measure, the ASSIST, and the TLFB.",,,,,,,,,
Timeline Follow Back,,tlfb,TLFB,Timeline Follow Back,"Pregnancy & Exposure, Including Substance Use",pex_bm_tlfb,Substance Use Before and During Pregnancy,,"V01, V02",Parent Interview,No,Parent on Self,Birth Parent or Primary Caregiver,HBCD Study Staff,self-administered in Alabama,in-person,10 min,Response distributions are reviewed for outliers and additionally cross-checked with ASSIST V1/V2 to ensure consistency in reported substances.,,,,"HBCD was designed to enable the characterization of the known fluctuation in substance use across the perinatal period critical for advancing prevention and intervention (<a href=""https://doi.org/10.1016/j.ntt.2021.107035"">Massey et al., 2021</a>, <a href=""https://doi.org/10.1016/j.drugalcdep.2022.109351"">Bandoli et al., 2022</a>, <a href=""https://doi.org/10.1016/j.dcn.2024.101432"">Si et al., 2024</a>).

Moreover, characterization of between- and within-person variability in substance use has been shown to enhance the sensitivity and specificity of risk prediction (<a href=""https://doi.org/10.1016/j.ntt.2021.107035"">Massey et al., 2021</a>, <a href=""https://doi.org/10.1016/j.ntt.2018.06.002"">Massey et al., 2018</a>). Thus, the characterization of patterns or trajectories of use should be considered over the use of dichotomous exposure characterization. Another gap in literature concerns the extent, nature, and implications of polysubstance use during pregnancy since individual substances have primarily been examined alone in prior research (<a href=""https://doi.org/10.1016/j.ntt.2018.06.002"">Massey et al., 2018</a>). The power and scope of HBCD avails a unique opportunity to understand the prevalence and implications of such ‘real world’ patterns of substance use.",,,,,Sampling Window and Coverage Limitations,"The sampling covers specific weeks before pregnancy (Weeks 1-2) and during pregnancy (Weeks 3-9). Consequently, substance use reported outside these weeks may not appear in the TLFB, and a positive biospecimen may lack corresponding TLFB data for the same reason. This sampling approach balances participant burden (avoiding a full 40-week TLFB) with capturing key pregnancy phases when behaviors often shift, such as before and after pregnancy recognition and in late pregnancy.",Notes on Reporting Format and Data Variability,"Participants were asked to report occasions (except cigarettes/cigarillos and drinks, reported as number), but some substances (e.g. electronic cigarette devices) are difficult to report in occasions and have outliers.",,,,,,,
Transitions in Care Screener,,tic,TIC,Transitions in Care Screener,Social & Environmental Determinants,sed_cg_tic_screener,Documents when children spend time living in non-parental care/change in who provides primary care,,V02 onward,Parent Interview or Survey,Yes,Parent on Child,Birth Parent or Primary Caregiver,,RA administered via phone,remote,5 min,"Monthly data consistency checks to identify discrepancies across submissions.
Resolution of contradictory site responses, such as inconsistencies in site responses where reported answers about whether a TIC had or had not “ever” occurred conflicted with the information recorded in TIC Screeners. Sites were contacted for clarification and correction.
Follow-up on data entry issues, including missing or incomplete responses, conflicting information across multiple forms, and TIC being filled out for a later time point than when the transition occurred (e.g., V06 TIC available for TIC that occurred at V02).",,,,"TIC information alone or cross-tabulated with other HBCD data can result in cells containing data from 1 to 10 persons (“small cells”). Small cells increase the risk that a participant can be identified. Under the NBDC Data Use Certification agreement (DUC, Terms and Conditions # 5), you agreed NOT to use data from NBDC in a manner that establishes the individual identity of study participants or establishes identities of their relatives. The DUC also prohibits you from publishing or otherwise disseminating derived data that could help identify persons. To help maintain anonymity, you agreed to use a minimum cell threshold of 10 in publications or other public reporting of the data and analyses.",,,,,,"Typically, there is only one birth parent TIC Screener form per timepoint. However, if a TIC occurred, there is sometimes one TIC screener filled out when talking to the birth parent and a second screener filled out when talking to the alternate caregiver. This is not an error but reflects how these data were collected. If a TIC occurred, another possibility is that there is only an alternate caregiver TIC form (and not a birth parent form because we were unable to get in touch with the birth parent).",,,,,,,,,
USDTL Nails Toxicology (Maternal),2 files,nails,Nails,USDTL Nails Toxicology (Maternal),Biospecimen & Omics,"bio_bm_biosample_nails_results
bio_bm_biosample_nails_type","Drug Panel, Environmental Exposure",,"V01, V02",Direct Assessment,No,,Pregnant Participant or Birth Parent (as applicable),Self-administered in-person,,in-person,5 min,Examine assay ranges and categorical versus continuous measures,,,,,,,,,USDTL Screening Updates,"As of November 2025, USDTL no longer assayed sufentanil in the nail samples.",Continuous Variables,"Continuous variables should be interpreted with caution based on limits of quantification (LOQ), i.e. the minimum concentration at which metabolites can be reliably quantified. See <a href=""#nails-table1"">Urine Assay Thresholds for Analytes</a>.",Updated Workflow,"As of July 1, 2024, the nail processing workflow was updated to optimize specimen use and allow confirmation testing for low sample quantities. Prior to this update, remnants of ELISA extract were not used for confirmation when specimens had insufficient sample.",Large Gaps Between Collection and Analysis Dates,"A substantial number of samples show unusually long intervals between collection and analysis (e.g., over 100–300 days, compared to the 30-day limit specified by internal SOPs). We are working to determine whether this reflects a data entry or site-level issue and will provide an update once more information is available.",Interpretation of “QNS” in Confirmatory Results When a Positive Is Expected,"In some cases, a specimen’s initial test meets the threshold for a positive result, but the confirmatory result is reported as “QNS” (Quantity Not Sufficient). This occurs when there is not enough specimen to conduct a confirmatory test or a confirmatory test must be repeated (following quality control procedures, e.g. unacceptable chromatography, poor recovery, or when a sample result is <5% of the previous specimen), but insufficient sample remains to complete the repeat test. Because the results could not be validated, this should be treated as a true quantity insufficiency.",
USDTL Urine Toxicology (Maternal),,urine,Urine,USDTL Urine Toxicology (Maternal),Biospecimen & Omics,bio_bm_biosample_urine_results,"Drug Panel, Toxins",,V01,Direct Assessment,No,Parent on Self,Pregnant Participant or Birth Parent (as applicable),Self-administered in-person,,in-person,5 min,Examine assay ranges and categorical versus continuous measures,,,,,,,,,USDTL Screening Updates,"As of May 19, 2025, USDTL transitioned the initial urine screening test for fentanyl and sufentanil from LDTD to ELISA. As of November 2025, urine samples were no longer assayed for sufentanil, and USDTL simplified its specimen validity assessment, replacing a multi-parameter algorithm (including pH and nitrite) with a single creatinine-based measure to evaluate urine hydration.",Continuous Variables,"Continuous variables should be interpreted with caution based on limits of quantification (LOQ), i.e. the minimum concentration at which metabolites can be reliably quantified. See <a href=""#urine-table1"">Urine Assay Thresholds for Analytes</a>.",Urinary Concentration Corrections,"Urinary concentration varies by participant. Researchers who wish to correct for urinary concentration in continuous measures, or apply different thresholds, can do so using creatinine or specific gravity results from sample validation.",Large Gaps Between Collection and Analysis Dates,"A substantial number of samples show unusually long intervals between collection and analysis (e.g., over 100–300 days, compared to the 30-day limit specified by internal SOPs). We are working to determine whether this reflects a data entry or site-level issue and will provide an update once more information is available.",,,
Vancouver Index of Acculturation,,via,VIA,Vancouver Index of Acculturation,Social & Environmental Determinants,sed_cg_via,Acculturation,,V05,Parent Interview or Survey,No,Parent on Self,Birth Parent or Primary Caregiver,HBCD Study Staff or Self,,either,5 min,"The VIA is administered only if the caregiver, spouse/partner, or any of the child's grandparents were born outside the U.S. If all are U.S.-born, the survey platform (REDCap) automatically ends the questionnaire after the screening questions.",,"The family culture subscore is the mean of the 9 items asking about ""family culture,"" whereas the mainstream subscore is the mean of the 9 items asking about ""American culture.""

Family culture questions are even-numbered: <code>sed_cg_via_006</code> through <code>sed_cg_via_022</code>.

American culture questions are odd-numbered: <code>sed_cg_via_007</code> through <code>sed_cg_via_023</code>.

If a participant chooses 777 (""Decline to answer""), or 999 (""Don't know""), please do not include those values in the mean score calculations.

High scores on each 9-item subscale can be interpreted as a positive orientation toward the specific cultural group and/or higher levels of identification with the culture represented. A high score on both subscales is associated with having a strong bicultural identity. Subscale mean scores can be used independently and/or compared by researchers in a variety of ways, depending on the research question.",,"When using HBCD data, all data users must agree to responsible use as described in the data use certification (DUC). When conceptualizing studies, analyzing data, and communicating analyses hat address socially sensitive topics, it is critical that data users consider strategies to avoid stigmatization of any groups and avoid perpetuating harmful biases.",,"Immigration status was not collected as part of this measure, and data users should not infer or assume immigration status in their analyses or interpretations.",,"Some variables in this release have small cell sizes. As a condition of using these data, specified in the DUC, you agree not to identify any individual from whom data was obtained and not to identify their relatives. You agree to a minimum cell threshold of 10 in any public reporting of the data (publications, posters, or other presentations). Protecting participants’ anonymity demonstrates respect for them and minimizes their research-related risks.",,,,,,,,,,,
Vineland-3,,vineland_3,Vineland-3,Vineland Adaptive Behavior Scales Third Edition,Neurocognition & Language,ncl_cg_vabs,Adaptive Behavior,,"V05, V09, V10",Parent Survey,No,Parent on Child,Birth Parent or Primary Caregiver,Self-administered remotely,,remote,15-30 min,"The caregiver is instructed to follow instructions as presented in Pearson Q-Global.
HBCD has an API license agreement with Pearson Education, Inc.
All data collection (item-level responses) and tabulation of scores were done within the Pearson Q-Global system.
All item-level responses and scores were electronically transferred from Q-Global and imported into the HBCD database.
Data was reviewed to verify that fields are appropriately labeled upon import, and range checks of all summary variables were completed.
Completion rates were monitored for the overall consortium and at the site level to address any concerns.",,"Each item in the Vineland-3 is scored on a scale of 0 to 3, with higher scores indicating higher levels of adaptive behavior. Summary scores are automatically computed within the Pearson Q-Global system, which generates a standard score, percentile rank, base rate score, confidence intervals (high/low), and standard score minus the mean score. Full scoring details are described in Sparrow et al. 2026.

Three more complex Vineland-3 subdomains (Written, Domestic, Community) are unavailable for very young children because they are designed for children age 3.0 years and older. All Domain scores (Communication, Daily Living, Socialization) are available. The Motor Skills Domain scores are available for children under age 10.0 years.",,"The Pearson products, including the Vineland-3, are under copyright agreement. Data use is as signified by the test publisher, <a href=""https://www.pearsonassessments.com/en-us/Store/Professional-Assessments/Behavior/Vineland-Adaptive-Behavior-Scales-%7C-Third-Edition/p/100001622?tab=overview"">Pearson Education, Inc.</a>.",,,,,,"The Q-Global version of the Vineland-3 is not currently available in Spanish therefore the Vineland-3 was only administered to those parents/caregivers who indicated adequate English proficiency for completing this instrument.

In addition, at V05, note that a small number of participants (N=5) were administered the Vineland-3 at 18-22 months of age, outside of the V05 visit window of 10-17 months of age.",,,,,,,,,
Visit Level Information,,visit_info,,Visit Level Information,Demographics,par_visit_data,Participant visit information,,All,Derived Data,,,,,,,,,,,,,,,,,,,,,,,,,,,
VS100 Spot Vision Screener,,vs100,,VS100 Spot Vision Screener,Physical Health,ph_ch_vs,Vision,,"V04, V06, V08",Direct Assessment,Yes,Child on Self,Child,HBCD Study Staff,"Only administered if parent responds NO to eligibility question (“Have you been told that your child cannot see at all?” (i.e., cannot see shadows or distinguish light and dark)",in-person,<1 min,"Data are reviewed to verify that sites obtain a valid screening outcome (PASS or REFER).
The device does not generate results if it is used incorrectly.",,,,,,,,,,,,,,,,,,,
